{
  "attributes": {
    "description": "UHSAS collected scattering cross-section LUT (qsca norm, perpendicular pol.)",
    "units_sigma_col": "um^2",
    "D_range_nm": [
      30.0,
      6000.0
    ],
    "n_range": [
      1.3,
      1.8,
      0.0005
    ],
    "k_values": [
      0.0,
      0.0001,
      0.000136,
      0.000186,
      0.000253,
      0.000345,
      0.000471,
      0.000642,
      0.000875,
      0.001193,
      0.001627,
      0.002218,
      0.003023,
      0.004122,
      0.005619,
      0.00766,
      0.010443,
      0.014237,
      0.01941,
      0.026461,
      0.036074,
      0.04918,
      0.067046,
      0.091404,
      0.12461,
      0.16988,
      0.231597,
      0.315735,
      0.430439,
      0.586814,
      0.8
    ],
    "wavelength_nm": 1054.0,
    "polarization": "perpendicular",
    "kernel": "UHSAS",
    "big_theta_min_deg": 33.0,
    "big_theta_max_deg": 147.0,
    "small_theta_min_deg": 75.2,
    "small_theta_max_deg": 104.8,
    "ring_step_deg": 1.0,
    "aperture_distance_mm": 8.0,
    "big_outer_halfangle_deg": 57.0,
    "inner_stop_halfangle_deg": 14.8,
    "eff_big_disk_d_mm": 24.637839421033327,
    "eff_small_disk_d_mm": 4.227382348364713
  },
  "zarr_format": 3,
  "consolidated_metadata": null,
  "node_type": "group"
}