{
  "attributes": {
    "description": "POPS collected scattering cross-section LUT (mirror ring + 90\u00b0 PMT, qsca norm)",
    "units_sigma_col": "um^2",
    "D_range_nm": [
      60.0,
      6000.0
    ],
    "n_range": [
      1.3,
      1.8,
      0.0005
    ],
    "k_values": [
      0.0,
      0.0001,
      0.000136,
      0.000186,
      0.000253,
      0.000345,
      0.000471,
      0.000642,
      0.000875,
      0.001193,
      0.001627,
      0.002218,
      0.003023,
      0.004122,
      0.005619,
      0.00766,
      0.010443,
      0.014237,
      0.01941,
      0.026461,
      0.036074,
      0.04918,
      0.067046,
      0.091404,
      0.12461,
      0.16988,
      0.231597,
      0.315735,
      0.430439,
      0.586814,
      0.8
    ],
    "wavelength_nm": 405.0,
    "n_medium": 1.0,
    "polarization": "perpendicular",
    "ring_theta_min_deg": 38.0,
    "ring_theta_max_deg": 143.0,
    "ring_step_deg": 1.0,
    "mirror_diameter_mm": 25.0,
    "distance_to_mirror_mm": 14.3,
    "pmt_aperture_d_mm": 5.0,
    "pmt_center_deg": 90.0
  },
  "zarr_format": 3,
  "consolidated_metadata": null,
  "node_type": "group"
}